Soy2939,GRIN_Accession,Genotype,Phenotype
USB-002,FC33243,0,0
CRR108633,PI561405,0,0
CRR108824,PI548581,0,0
CRR108772,PI546374,0,0
CRR108864,PI546375,0,0
SRR1533365,PI548638,0,0
SRR1533389,PI548643,0,0
SRR1533429,PI548593,0,0
SRR1533360,PI591433,0,0
SRR1533426,PI508083,0,0
CRR108753,PI548501,0,0
CRR108754,PI583365,0,0
CRR108755,PI542403,0,0
CRR108757,PI542769,1,1
USB-045,PI592523,0,0
USB-270,PI548582,0,0
SRR1533381,PI591435,0,0
USB-269,PI548572,0,0
USB-328,PI567782,0,0
CRR108701,PI540554,0,0
CRR108736,PI548551,0,0
CRR108737,PI548618,0,0
CRR108738,PI548524,0,0
CRR108752,PI542042,0,0
USB-033,PI548561,0,0
CRR108784,PI548509,0,0
HN070,PI548511,0,0
SRR1533371,PI548540,0,0
SRR1533384,PI548512,0,0
CRR108685,PI548569,0,0
CRR108692,PI542045,0,0
CRR108696,PI518676,0,0
SRR1533427,PI591541,0,0
CRR108733,PI548507,0,0
CRR108739,PI539861,0,0
CRR108747,PI537094,0,0
USB-032,PI548520,0,0
USB-265,PI548521,0,0
CRR108771,PI540552,0,0
HN065,PI542044,0,0
SRR1533351,PI548634,0,0
SRR1533423,PI536635,0,0
CRR108712,PI548632,0,0
CRR108714,PI542046,1,0
CRR108741,PI548543,0,0
CRR108745,PI548587,0,0
HN030,PI598124,0,0
CRR108767,PI583837,0,0
CRR108770,PI540551,0,0
USB-059,FC29333,0,0
CRR108776,PI543856,0,0
SRR1533387,PI515961,0,0
SRR1533417,PI548604,0,0
CRR108686,PI548314,0,0
CRR108728,PI572240,0,0
SRR1533348,PI591495,0,0
USB-271,PI548619,0,0
USB-038,PI559932,0,0
USB-272,PI548633,0,0
CRR108761,PI543793,0,0
CRR108763,PI518663,0,0
CRR108765,PI543794,0,0
USB-018,PI518668,0,0
CRR108783,PI548392,1,0
CRR108759,PI548655,0,0
CRR108781,PI518664,0,0
SRR1533419,PI533602,0,0
SRR1533441,PI548985,1,0
USB-001,PI548656,0,0
USB-276,PI548978,0,1
CRR108680,PI548660,0,0
USB-411,PI567788,0,0
CRR107568,PI548646,0,0
CRR107574,PI567787,1,0
CRR107602,PI612754,0,1
CRR108144,PI548340,0,0
CRR108389,PI548430,1,0
CRR108615,PI548325,0,0
CRR108769,PI552538,0,0
HN105,PI438471,0,0
SRR1533369,PI518750,0,0
HN057,PI438258,0,0
USB-046,PI592954,0,0
HN064,PI518751,0,0
HN081,PI567519,0,1
HN084,PI567690,0,1
HN033,PI87617,0,0
HN082,PI567611,0,1
HN083,PI567651,0,1
HN085,PI567719,0,1
HN091,PI594599,0,0
HN038,PI248515,0,0
HN108,PI229343,0,0
USB-016,PI506862,0,0
HN094,PI603170,0,1
HN095,PI603175,1,1
SRR1533366,PI547460,0,0
HN061,PI471938,0,0
HN093,PI603154,0,0
HN035,PI196175,1,1
HN041,PI398593,1,1
HN042,PI398595,1,1
HN043,PI398610,1,1
HN044,PI398614,1,1
HN048,PI407965,1,1
HN089,PI594012,1,0
USB-048,PI597476,0,1
HN050,PI416937,0,1
CRR106893,PI483463,1,0
CRR106895,PI561355,1,1
CRR106897,PI479768,1,1
CRR106901,PI407294,1,1
CRR106904,PI407290,1,1
CRR106905,PI479744,1,0
CRR106906,PI407299,1,1
CRR106908,PI464926,1,0
SRR1533161,PI593983,1,0
CRR106910,PI326581,1,1
CRR106911,PI81762,1,1
SJ-31,PI507847,1,0
SRR1533153,PI578357,0,0
CRR106912,PI567194,1,0
CRR106914,PI507719,1,0
CRR106916,PI578343,1,0
CRR106919,PI507801,1,0
CRR106923,PI507786,1,0
CRR106925,PI522232,1,0
CRR106927,PI507785,1,0
CRR106928,PI522229,1,1
CRR106929,PI522234,1,0
CRR106930,PI507797,1,0
CRR106931,PI522203,1,1
CRR106932,PI507805,1,1
SRR1533203,PI578341,1,0
SRR1533196,PI504286,1,1
SRR1533155,PI562565,1,1
SRR1533163,PI562559,1,1
SRR1533175,PI458536,1,1
SRR1533193,PI479769,1,1
SRR1533197,PI458538,1,0
SRR1533198,PI458535,1,1
SRR1533167,PI423991,1,1
SRR1533212,PI522226,1,1
SJ-19,PI532450,1,0
SRR1533172,PI479752,1,1
SRR1533185,PI522228,1,0
SRR1533202,PI407288,1,1
HN063,PI483463,1,0
SRR1533209,PI547831,1,1
SJ-21,PI549048,1,0
SRR1533166,PI447004,1,1
SJ-13,PI468918,1,0
SRR1533173,PI468916,1,0
SRR1533191,PI522216,1,0
SRR1533204,PI549046,1,0
SRR1533154,PI366120,1,1
HN039,PI366121,1,1
HN040,PI378702,1,1
SRR1533174,PI366123,1,1
SRR1533180,PI378692,1,1
HN053,PI424088,1,1
HN052,PI424079,1,1
HN045,PI407162,1,1
HN046,PI407184,1,1
SJ-34,PI407175,1,1
SRR1533187,PI407275,1,1
SRR1533189,PI407301,1,1
SRR1533206,PI483465,1,0
SJ-42,PI407038,1,1
SRR1533162,PI407027,1,1
SJ-11,PI407315,1,1
SJ-44,PI407229,1,0
SRR1533194,PI424096,1,0
SRR1533176,PI407197,1,1
SRR1533182,PI407246,1,1
SJ-22,PI562558,1,1
SJ-23,PI562568,1,1
SJ-37,PI562557,1,1
SJ-10,PI407308,1,1
SJ-32,PI424014,1,1
SJ-40,PI562534,1,1
SJ-41,PI407183,1,1
SRR1533168,PI407170,1,1
SJ-08,PI407303,1,1
SRR1533183,PI464935,1,0
SJ-09,PI407307,1,0
SJ-04,PI407083,1,1
SJ-45,PI507638,1,0
SJ-07,PI407286,1,1
SJ-16,PI507667,1,0
SRR1533169,PI407131,1,1
SJ-36,PI507615,1,0
SJ-14,PI507609,1,1
SJ-03,PI378698,1,1
SJ-05,PI407270,0,0
SJ-39,PI407262,1,1
SJ-06,PI407281,1,1
SRR1533199,PI407285,1,1
SRR1533207,PI507662,1,1
SRR1533157,PI393551,1,1
CRR108617,PI547679,0,0
CRR108619,PI547722,0,0
CRR108621,PI547756,0,0
CRR108641,PI547838,0,0
CRR108642,PI547637,0,0
CRR108645,PI547860,0,0
CRR108648,PI547871,0,0
CRR108663,PI547683,0,0
CRR108667,PI547704,0,0
CRR108689,PI547531,0,0
CRR108690,PI547522,0,0
CRR108693,PI548167,0,0
CRR108699,PI547530,0,0
CRR108707,PI547891,0,0
CRR108720,PI548160,0,0
USB-022,PI548193,0,0
USB-254,PI548256,0,1
SRR1533378,PI548311,0,0
SRR1533283,PI548382,0,0
SRR1533267,PI548391,0,0
SRR1533334,PI548348,0,0
SRR1533345,PI548362,0,0
SRR1533312,PI548456,0,0
HN071,PI548657,0,0
CRR107556,FC31409,0,0
USB-077,PI84631,0,0
CRR106935,PI438364,0,0
CRR106937,PI603674,0,1
CRR106945,PI79797,0,0
CRR106947,PI437961,1,0
CRR106948,PI88789,0,0
CRR106950,PI70023,0,0
CRR106951,PI87531,0,0
CRR106952,PI89055,0,0
CRR106953,PI437805,0,0
CRR106956,PI89773,0,0
CRR106957,PI593967,0,0
CRR106961,PI603387,0,0
CRR106966,PI603560,0,1
CRR106967,PI438199,0,0
CRR106968,PI603556,0,0
CRR106970,PI437799,0,0
CRR106971,PI603304,0,0
CRR106972,PI437715,0,0
CRR106974,PI538400,0,1
CRR106976,PI438153,1,0
CRR106980,PI438065,0,0
CRR106982,PI438115,0,0
CRR106983,PI420338,0,0
CRR106984,PI89014,1,0
CRR106994,PI437862,0,0
CRR106995,PI603494,0,0
CRR106996,PI603492,0,0
CRR106998,PI592931,0,0
CRR106999,PI438045,0,0
CRR107000,PI603491,0,0
CRR107002,PI603663,0,1
CRR107003,PI437947,1,0
CRR107004,PI592951,0,0
CRR107006,PI603401,0,1
CRR107013,PI578415,1,0
CRR107019,PI603453,0,0
CRR107022,PI437655,0,0
CRR107024,PI603331,1,0
CRR107027,PI80536,0,0
CRR107028,PI603664,0,0
CRR107030,PI436612,1,0
CRR107032,PI437664,1,0
CRR107043,PI437830,1,0
CRR107044,PI437613,1,0
CRR107052,PI81768,1,0
CRR107055,PI438020,0,0
CRR107060,PI438095,0,0
CRR107062,PI603561,1,0
CRR107063,PI438145,0,0
CRR107065,PI438222,0,0
CRR107066,PI603326,0,0
CRR107067,PI68535,0,0
SRR1533259,PI594788,1,1
CRR107070,PI567710,0,1
CRR107072,PI567692,0,1
CRR107075,PI567686,0,1
CRR107077,PI567732,1,1
CRR107084,PI594411,0,0
CRR107086,PI561237,0,0
CRR107087,PI561307,0,0
CRR107088,PI561325,0,0
CRR107089,PI561313,0,1
CRR107091,PI561321,0,0
CRR107093,PI561331,0,0
CRR107097,PI561242,0,0
CRR107100,PI464910,0,0
CRR107102,PI232991,1,0
CRR107103,PI567263,0,1
CRR107107,PI567294,0,0
CRR107123,PI567493,0,0
CRR107125,PI538380,0,0
CRR107126,PI567511,0,0
CRR107127,PI567484,0,0
CRR107135,PI61947,0,0
CRR107137,PI538387,0,0
CRR107141,PI567640,0,0
CRR107145,PI567672,0,1
CRR107148,PI567631,1,1
CRR107159,PI602992,0,0
CRR107165,PI79710,0,0
CRR107168,PI597441,0,0
CRR107169,PI54615,0,0
CRR107171,PI70027,0,0
CRR107176,PI567160,0,1
CRR107181,PI68481,0,0
CRR107182,PI79739,1,0
CRR107183,PI68585,0,0
CRR107185,PI70013,0,0
CRR107188,PI68642,0,0
CRR107189,PI68709,0,0
CRR107196,PI68430,1,0
CRR107197,PI597442,0,0
CRR107199,PI68722,0,0
CRR107204,PI592975,0,0
CRR107205,PI291275,1,0
CRR107206,PI73780,0,0
CRR107208,PI291278,1,0
CRR107222,PI92630,0,0
CRR107224,PI88353,0,0
CRR107226,PI92602,0,0
CRR107229,PI518710,0,0
CRR107230,PI92607,0,0
CRR107231,PI92619,0,0
CRR107234,PI54620,0,0
CRR107238,PI532443,0,1
CRR107239,PI92640,0,0
CRR107240,PI92686,0,0
CRR107243,PI467333,1,0
CRR107244,PI92677,0,0
CRR107245,PI92706,0,0
CRR107247,PI458522,0,0
CRR107248,PI467340,0,0
CRR107250,PI91104,0,0
CRR107252,PI464909,0,0
CRR107256,PI479726,0,0
CRR107258,PI92651,0,0
CRR107260,PI70091,0,0
CRR107267,PI70456,0,0
CRR107278,PI567736,0,1
CRR107284,PI532454,0,1
CRR107290,PI391586,0,0
CRR107291,PI602492,0,0
CRR107292,PI91164,0,0
CRR107293,PI88502,0,0
CRR107296,PI88306,0,0
CRR107297,PI88486,0,0
CRR107298,PI470224,0,0
CRR107299,PI458511,0,0
CRR107307,PI88300,0,0
CRR107309,PI91165,0,0
CRR107317,PI567388,1,0
CRR107319,PI567526,0,1
CRR107320,PI567601,0,0
CRR107322,PI567555,0,1
CRR107323,PI567557,0,1
CRR107329,PI567552,0,1
CRR107333,PI518719,0,1
CRR107335,PI567437,0,0
CRR107336,PI567465,0,0
CRR107338,PI567455,0,0
CRR107352,PI594508,0,1
CRR107360,PI594443,0,0
CRR107373,PI504482,0,0
CRR107377,PI556949,0,0
CRR107379,PI347561,1,0
CRR107381,PI438313,0,0
CRR107382,PI417527,0,1
CRR107384,PI153286,0,0
CRR107385,PI189897,0,0
CRR107386,PI189911,0,0
CRR107387,PI153317,0,0
CRR107389,PI189946,0,0
CRR107391,PI404161,1,0
CRR107392,PI372419,0,0
CRR107393,PI189917,0,0
CRR107394,PI290125,0,0
CRR107395,PI438326,0,0
CRR107397,PI507349,0,0
CRR107400,PI506874,0,0
CRR107401,PI317335,0,0
CRR107403,PI229330,1,1
CRR107405,PI507064,0,0
CRR107410,PI417202,0,0
CRR107411,PI507408,0,0
CRR107413,PI507396,0,0
CRR107415,PI594208,1,1
CRR107416,PI507245,0,0
CRR107418,PI507093,0,0
CRR107419,PI507063,0,0
CRR107420,PI507182,1,0
CRR107421,PI196160,0,0
CRR107426,PI417023,0,0
CRR107427,PI417162,0,0
CRR107428,PI417140,1,0
CRR107431,PI507065,0,0
CRR107433,PI416937,0,1
CRR107437,PI196150,1,0
CRR107440,PI417139,1,0
CRR107441,PI423870,1,0
CRR107443,PI594156,1,1
CRR107447,PI86449,0,0
CRR107453,PI507565,0,1
CRR107454,PI86111,1,0
CRR107455,PI423869,0,0
CRR107456,PI86022,0,0
CRR107461,PI84979,0,0
CRR107466,PI153233,0,0
CRR107468,PI603157,1,1
CRR107471,PI438296,0,0
CRR107472,PI424302,0,0
CRR107473,PI398621,0,0
CRR107476,PI96786,1,0
CRR107481,PI361117,1,0
CRR107482,PI361067,0,0
CRR107483,PI476345,0,0
CRR107484,PI404151,1,0
CRR107485,PI437098,0,0
CRR107487,PI507697,0,0
CRR107491,PI437392,1,0
CRR107493,PI437478,1,1
CRR107498,PI437512,1,0
CRR107504,PI458021,0,0
CRR107509,PI340034,1,0
CRR107511,PI458227,1,1
CRR107513,PI408017,1,0
CRR107518,PI407906,1,0
CRR107522,PI398890,0,0
CRR107525,PI458040,0,0
CRR107526,PI509076,1,1
CRR107527,PI458105,1,0
CRR107533,PI398322,1,1
CRR107534,PI398299,1,1
CRR107535,PI64698,1,0
CRR107536,PI84594,0,0
CRR107539,PI424529,1,0
CRR107540,PI458299,1,0
CRR107546,PI424547,0,0
CRR107547,PI408230,0,0
CRR107548,PI398183,0,1
CRR107550,PI437525,0,0
CRR107553,PI438487,0,0
CRR107554,PI438499,1,0
USB-203,PI438336,0,0
USB-014,PI468908,0,1
USB-039,PI567171,1,0
USB-240,PI514671,1,1
USB-291,PI567173,0,0
USB-113,PI189873,0,0
USB-005,PI180501,0,0
USB-160,PI417529,0,0
SRR1533284,PI416890,0,1
SRR1533301,PI423954,1,1
SRR1533324,PI317336,0,0
USB-009,PI360957,0,0
USB-157,PI417381,1,0
USB-175,PI437240,0,0
USB-104,PI154189,0,0
USB-132,PI361070,0,0
USB-294,PI567226,0,0
USB-139,PI378658,0,0
USB-268,PI548571,0,0
SRR1533335,PI407716,0,1
USB-122,PI291294,0,0
USB-125,PI297505,0,0
USB-149,PI407701,0,0
USB-201,PI438309,1,0
USB-213,PI464896,1,0
USB-215,PI464923,0,0
USB-335,PI578503,0,0
USB-351,PI593953,0,0
USB-369,PI603290,0,0
USB-202,PI438323,0,0
SRR1533257,PI548417,0,0
SRR1533235,PI507355,0,0
SRR1533260,PI594301,0,0
USB-152,PI416751,0,0
USB-010,PI361087,0,0
USB-140,PI378663,0,0
USB-173,PI437160,0,0
USB-011,PI361093,1,0
USB-135,PI372418,0,0
HN060,PI467312,1,0
SRR1533239,PI603336,0,1
SRR1533250,PI603420,1,0
SRR1533290,PI437944,1,0
SRR1533319,PI567258,1,1
SRR1533332,PI567293,0,0
USB-087,PI88313,0,0
USB-088,PI88468,0,0
USB-144,PI391577,1,1
USB-145,PI391583,0,0
USB-148,PI404187,0,1
USB-155,PI417242,0,0
USB-182,PI437662,1,0
USB-187,PI437793,0,0
USB-195,PI438083,0,0
USB-210,PI458505,0,0
USB-216,PI467347,0,0
USB-260,PI548411,0,0
USB-317,PI567525,0,1
USB-332,PI578412,0,0
USB-333,PI578493,0,0
USB-336,PI578504,1,1
USB-361,PI597464,0,0
USB-370,PI603345,0,0
USB-371,PI603389,0,0
USB-373,PI603399,0,0
USB-374,PI603463,0,0
USB-392,PI612730,0,0
SRR1533274,PI88479,0,0
HN106,PI417091,1,0
USB-229,PI506942,0,0
USB-025,PI548360,0,0
USB-256,PI548356,0,0
SRR1533336,PI89138,0,0
USB-133,PI361080,1,1
USB-178,PI437485,0,0
USB-180,PI437505,0,1
USB-189,PI437838,1,0
SRR1533248,PI398296,1,0
USB-078,PI84637,0,0
USB-102,PI153231,0,0
HN005,PI404166,1,0
HN008,PI437655,0,0
HN018,PI437690,1,0
HN067,PI548317,0,0
HN072,PI549031,1,0
HN079,PI567357,0,1
SRR1533226,PI603384,0,0
SRR1533253,PI437654,1,0
SRR1533295,PI567364,0,1
SRR1533320,PI404182,1,1
SRR1533338,PI417398,0,0
SRR1533340,PI594451,1,0
USB-041,PI567558,0,1
USB-057,PI548316,0,0
USB-061,PI54591,0,0
USB-070,PI70080,0,0
USB-100,PI103088,1,1
USB-168,PI436684,0,0
USB-185,PI437776,0,0
USB-212,PI458510,0,0
USB-222,PI490766,0,0
USB-258,PI548383,0,0
USB-304,PI567361,0,1
USB-320,PI567576,0,1
USB-379,PI603497,1,1
USB-382,PI603549,0,0
USB-384,PI603556,0,0
USB-386,PI603675,0,1
HN032,PI86006,1,0
USB-003,PI81785,1,0
USB-081,PI84973,0,0
USB-117,PI232992,1,0
USB-236,PI507471,0,0
SRR1533296,PI84987,0,0
HN026,PI612611,1,0
HN068,PI548349,0,0
USB-086,PI87620,0,0
USB-023,PI548313,0,0
SRR1533292,PI157421,0,0
SRR1533306,PI399043,0,0
USB-079,PI84656,0,0
USB-164,PI424078,1,1
USB-208,PI438500,0,0
HN012,PI567305,1,0
HN016,PI567387,1,0
HN017B,PI437725,0,0
HN047,PI407729,1,1
HN058,PI458515,1,0
HN069,PI548415,1,0
SRR1533216,PI594615,0,1
SRR1533230,PI594777,1,0
SRR1533243,PI602991,0,0
SRR1533309,PI567395,0,1
USB-027,PI548402,1,0
USB-040,PI567426,0,1
USB-044,PI578495,0,0
USB-063,PI54614,1,0
USB-065,PI58955,0,0
USB-096,PI92651,0,0
USB-109,PI171428,1,0
USB-167,PI430595,0,0
USB-214,PI464912,0,0
USB-223,PI495020,0,0
USB-257,PI548359,0,0
USB-259,PI548400,0,0
USB-261,PI548427,0,0
USB-277,PI549017,0,0
USB-281,PI549040,1,0
USB-284,PI561371,0,0
USB-298,PI567307,0,0
USB-303,PI567353,0,0
USB-312,PI567428,0,0
USB-318,PI567532,0,0
USB-319,PI567548,1,0
USB-345,PI592937,0,0
USB-346,PI592940,0,0
USB-367,PI602993,0,0
USB-372,PI603397,0,1
USB-381,PI603526,1,0
USB-383,PI603555,0,0
USB-385,PI603559,0,0
USB-330,PI574477,0,0
USB-060,FC31697,0,0
SRR1533231,PI548342,0,0
SRR1533341,PI243541,0,0
USB-017,PI507180,0,0
USB-026,PI548364,0,0
USB-055,PI209332,0,0
USB-073,PI80837,0,0
USB-158,PI417479,0,0
USB-162,PI423926,0,0
USB-228,PI506933,0,0
USB-234,PI507458,0,0
USB-235,PI507467,0,0
USB-238,PI507480,0,0
USB-075,PI83881,0,0
USB-368,PI603162,1,1
HN007,PI424298,1,0
SRR1533214,PI339734,1,1
HN075,PI567230,1,1
SRR1533270,PI567298,0,0
SRR1533302,PI587848,0,0
USB-035,PI549018,0,1
USB-066,PI62203,0,0
USB-072,PI71465,0,0
USB-151,PI407742,0,1
USB-279,PI549028,0,0
USB-300,PI567343,1,1
USB-301,PI567346,0,0
USB-305,PI567383,0,0
USB-306,PI567407,1,0
USB-307,PI567408,1,0
USB-314,PI567439,0,1
USB-357,PI594880,0,1
USB-128,PI342434,1,1
USB-227,PI504288,1,1
USB-029,PI548452,0,0
USB-127,PI324924,0,0
USB-146,PI398633,1,1
USB-143,PI379618,0,0
USB-161,PI417581,1,0
SRR1533315,PI594629,1,1
SRR1533329,PI603516,0,1
USB-090,PI89775,1,0
USB-241,PI518727,0,1
USB-115,PI209333,0,0
USB-232,PI507088,1,1
USB-101,PI123440,0,1
USB-043,PI578309,1,0
SRR1533245,PI407801,1,1
SRR1533286,PI424391,1,1
USB-084,PI86904,0,0
USB-204,PI438347,0,0
SRR1533236,PI587552,1,0
USB-108,PI165675,0,1
USB-262,PI548473,0,0
USB-004,PI166105,1,1
USB-107,PI165563,0,1
USB-112,PI179935,0,0
USB-226,PI497967,1,0
USB-110,PI171451,1,1
USB-230,PI507017,0,1
USB-031,PI548490,0,0
USB-028,PI548447,0,1
USB-295,PI567231,0,1
USB-388,PI603722,1,1
USB-047,PI594307,1,1
USB-263,PI548474,0,0
USB-264,PI548479,0,1
USB-409,PI322692,0,0
SRR1533282,PI323576,1,0
USB-136,PI374207,1,0
USB-224,PI497953,1,0
USB-006,PI240664,0,0
