Sample,Genotype,Phenotype
PI509044,0,-2
PI553052,1,-2
PI548660,1,-2
PI548569,0,-2
PI548314,1,-2
PI542045,1,-2
PI518676,0,-2
PI540554,0,-2
PI597382,0,-2
PI548632,0,-2
PI542046,1,-2
PI540556,0,-2
PI548563,0,-2
PI518674,0,-2
PI572240,0,-2
PI542046,1,-2
PI548507,0,-2
PI548551,1,-2
PI548618,0,-2
PI548524,0,-2
PI539861,0,-2
PI539861,0,-2
PI548543,0,-2
PI548690,0,-2
PI539864,0,-2
PI548587,1,-2
PI539860,0,-2
PI537094,0,-2
PI548551,0,-2
PI567789,1,-2
PI542042,0,-2
PI548501,0,-2
PI583365,0,-2
PI542403,0,-2
PI542769,0,-2
PI533604,1,-2
PI548655,1,-2
PI543793,0,-2
PI543795,1,-2
PI518663,0,-2
PI560206,0,-2
PI543794,1,-2
PI595363,0,-2
PI583837,1,-2
PI552538,0,-2
PI540551,0,-2
PI540552,0,-2
PI546374,0,-2
PI534647,0,-2
PI548612,0,-2
PI548387,0,-2
PI543856,0,-2
PI548565,0,-2
PI548599,0,-2
PI548974,1,-2
PI564849,1,-2
PI518664,1,-2
PI548392,0,-2
PI548509,0,-2
PI632661A,1,-2
PI548581,0,-2
PI632662,0,-2
PI546375,0,-2
PI404166,1,-2
PI407788A,1,-2
PI424298,0,-2
PI437655,0,-2
PI495017C,1,-2
PI468915,0,-2
PI507354,0,-2
PI567305,0,-2
PI548667,1,-2
PI567387,0,-2
PI437725,1,-2
PI437690,0,-2
PI404198B,0,-2
PI424608A,0,-2
PI567516C,0,-2
PI612611,0,-2
PI572239,1,-2
PI598124,0,-2
PI79691-4,0,-2
PI86006,0,-2
PI87617,0,-2
PI87631-1,0,-2
PI196175,0,-2
PI200471,1,-2
PI200508,1,-2
PI366121,0,-2
PI378702,0,-2
PI398593,0,-2
PI398595,0,-2
PI398610,1,-2
PI398614,1,-2
PI407162,0,-2
PI407184,0,-2
PI407729,0,-2
PI407965,1,-2
PI408105A,1,-2
PI416937,1,-2
PI424079,0,-2
PI424088,0,-2
PI437169B,0,-2
PI437863A,1,-2
PI438258,0,-2
PI464920B,1,-2
PI467312,0,-2
PI471938,1,-2
PI475783B,1,-2
PI483463,0,-2
PI518751,0,-2
PI542044,0,-2
PI548317,1,-2
PI548349,0,-2
PI548415,0,-2
PI548511,0,-2
PI548657,1,-2
PI549031,0,-2
PI561271,1,-2
PI567230,0,-2
PI567336B,0,-2
PI567354,1,-2
PI567357,1,-2
PI567611,1,-2
PI567651,1,-2
PI567690,1,-2
PI567719,1,-2
PI567731,1,-2
PI593258,0,-2
PI594012,1,-2
PI594512A,0,-2
PI597387,0,-2
PI603154,1,-2
PI603170,0,-2
PI603175,0,-2
PI603176A,0,-2
PI605869A,1,-2
PI639740,0,-2
PI647086,1,-2
FC31721,0,-2
PI438471,1,-2
PI417091,0,-2
PI417015,1,-2
PI229343,1,-2
PI468918,0,-2
PI407175,0,-2
PI366120,1,-2
PI447004,0,-2
PI423991,0,-2
PI479752,0,-2
PI468916,0,-2
PI366123,0,-2
PI458536,0,-2
PI483460B,0,-2
PI378692,0,-2
PI464929A,0,-2
PI483464A,0,-2
PI407275,0,-2
PI464929B,0,-2
PI326582A,0,-2
PI468400A,0,-2
PI479769,0,-2
PI458538,0,-2
PI458535,0,-2
PI407288,0,-2
PI464927A,0,-2
PI339734,0,-2
PI594615,1,-2
PI196166,1,-2
PI467343,0,-2
PI603384,1,-2
PI416971,1,-2
PI594777,0,-2
PI548342,1,-2
PI548485,1,-2
PI507355,0,-2
PI587552,1,-2
PI603336,1,-2
PI437321,1,-2
PI603596,1,-2
PI602991,1,-2
PI407801,0,-2
PI398296,1,-2
PI603420,0,-2
PI437654,0,-2
PI437679,0,-2
PI548417,0,-2
PI594301,1,-2
PI578457A,1,-2
PI603756,1,-2
PI80822,0,-2
PI438498,1,-2
PI548391,0,-2
PI548379,0,-2
PI153262,0,-2
PI567298,0,-2
PI603318,1,-2
PI437653,0,-2
PI88479,1,-2
PI567189A,1,-2
PI548406,0,-2
PI548382,1,-2
PI416890,1,-2
PI587752,1,-2
PI424391,1,-2
PI603357,0,-2
PI437944,0,-2
PI157421,0,-2
PI567364,1,-2
PI548298,0,-2
PI548488,0,-2
PI423954,1,-2
PI587848,1,-2
PI587666,1,-2
PI399043,1,-2
PI84987A,1,-2
PI567395,1,-2
PI317334A,1,-2
PI548456,1,-2
PI603424A,0,-2
PI588053A,1,-2
PI594629,1,-2
PI83945-3,1,-2
PI567258,0,-2
PI404182,1,-2
PI86024,0,-2
PI567503,1,-2
PI317336,1,-2
PI594579,1,-2
PI253658B,0,-2
PI603516,1,-2
PI567293,1,-2
PI407849,1,-2
PI548348,0,-2
PI407716,1,-2
PI89138,0,-2
PI417398,1,-2
PI594451,1,-2
PI243541,1,-2
PI548362,0,-2
PI548634,0,-2
PI553047,1,-2
PI533655,0,-2
PI548638,0,-2
PI518750,0,-2
PI548540,0,-2
PI540552,0,-2
PI548644,0,-2
PI548311,0,-2
PI548512,0,-2
PI515961,0,-2
PI548643,1,-2
PI548631,0,-2
PI548565,0,-2
PI548603,0,-2
PI508266,1,-2
PI548573,0,-2
PI548604,1,-2
PI533602,1,-2
PI536635,0,-2
PI508083,0,-2
PI548593,1,-2
PI513382,0,-2
PI548985,1,-2
PI548477,1,-2
PI542403,0,-2
PI548656,1,-2
FC33243,1,-2
PI81785,1,-2
PI166105,1,-2
PI180501,0,-2
PI266806C,0,-2
PI360957,1,-2
PI361087,1,-2
PI361093,0,-2
PI437265D,0,-2
PI438335,0,-2
PI468908,0,-2
PI506862,1,-2
PI507180,1,-2
PI518668,0,-2
PI603458A,0,-2
PI548313,0,-2
PI548325,0,-2
PI548360,0,-2
PI548364,1,-2
PI548402,0,-2
PI548447,1,-2
PI548452,0,-2
PI548490,0,-2
PI548520,0,-2
PI549018,1,-2
PI549026,1,-2
PI549041A,0,-2
PI559932,1,-2
PI567171,0,-2
PI567426,0,-2
PI567558,0,-2
PI567604A,1,-2
PI578309,0,-2
PI578495,0,-2
PI592523,1,-2
PI592954,0,-2
PI594307,1,-2
PI597476,1,-2
PI603426G,0,-2
PI603442,0,-2
PI209332,1,-2
PI548316,0,-2
PI548658,1,-2
FC29333,0,-2
FC31697,0,-2
PI54591,0,-2
PI54608-1,0,-2
PI54614,1,-2
PI54615-1,0,-2
PI58955,1,-2
PI62203,1,-2
PI68521-1,0,-2
PI68604-1,0,-2
PI68732-1,0,-2
PI70080,0,-2
PI70466-3,0,-2
PI71465,1,-2
PI80837,1,-2
PI81041,0,-2
PI83881,1,-2
PI83942,1,-2
PI84631,1,-2
PI84637,0,-2
PI84656,1,-2
PI84946-2,0,-2
PI84973,1,-2
PI86904,1,-2
PI86972-2,0,-2
PI87620,0,-2
PI88313,1,-2
PI88468,1,-2
PI89005-5,1,-2
PI89775,0,-2
PI90479P,1,-2
PI91100-3,0,-2
PI91159-4,1,-2
PI91160,0,-2
PI92651,1,-2
PI94159-3,1,-2
PI95860,1,-2
PI103088,1,-2
PI123440,1,-2
PI153231,0,-2
PI154189,1,-2
PI159925,1,-2
PI165563,0,-2
PI165675,1,-2
PI171428,1,-2
PI171451,1,-2
PI179935,1,-2
PI189873,0,-2
PI209333,1,-2
PI209334,1,-2
PI232992,0,-2
PI253661B,0,-2
PI291294,1,-2
PI291309D,0,-2
PI291310C,0,-2
PI297505,0,-2
PI297520,0,-2
PI324924,1,-2
PI342434,1,-2
PI342619A,0,-2
PI361066B,0,-2
PI361070,0,-2
PI361080,0,-2
PI372403B,0,-2
PI372418,0,-2
PI378658,0,-2
PI378663,0,-2
PI378680E,0,-2
PI379618,0,-2
PI391577,0,-2
PI391583,1,-2
PI398633,0,-2
PI398965,0,-2
PI404187,1,-2
PI407701,0,-2
PI407708A,0,-2
PI407742,1,-2
PI416751,0,-2
PI416838,1,-2
PI417215,1,-2
PI417242,0,-2
PI417345B,1,-2
PI417381,0,-2
PI417479,1,-2
PI417500,0,-2
PI417529,0,-2
PI417581,1,-2
PI423926,1,-2
PI424038B,0,-2
PI424078,0,-2
PI424195A,0,-2
PI430595,1,-2
PI436684,1,-2
PI437110A,0,-2
PI437112A,1,-2
PI437127A,0,-2
PI437160,0,-2
PI437165A,1,-2
PI437240,0,-2
PI437376A,0,-2
PI437485,1,-2
PI437500A,0,-2
PI437505,0,-2
PI437662,0,-2
PI437685D,1,-2
PI437695A,0,-2
PI437776,0,-2
PI437788A,0,-2
PI437793,1,-2
PI437814A,0,-2
PI437838,1,-2
PI437991B,0,-2
PI438019B,0,-2
PI438083,1,-2
PI438112B,0,-2
PI438230A,0,-2
PI438239B,0,-2
PI438309,1,-2
PI438323,0,-2
PI438336,0,-2
PI438347,1,-2
PI438496B,0,-2
PI438496C,0,-2
PI438500,0,-2
PI445824A,0,-2
PI458505,0,-2
PI458510,1,-2
PI464896,1,-2
PI464912,1,-2
PI464923,1,-2
PI467347,0,-2
PI468408B,1,-2
PI475820,0,-2
PI476352B,0,-2
PI479735,1,-2
PI490766,1,-2
PI495020,1,-2
PI497967,0,-2
PI504288,0,-2
PI506933,0,-2
PI506942,0,-2
PI507017,1,-2
PI507088,1,-2
PI507293B,1,-2
PI507458,1,-2
PI507467,1,-2
PI507471,0,-2
PI507480,1,-2
PI514671,0,-2
PI518727,1,-2
PI532463B,1,-2
PI538386A,1,-2
PI542972,1,-2
PI548336,0,-2
PI548356,1,-2
PI548359,0,-2
PI548383,0,-2
PI548400,0,-2
PI548411,0,-2
PI548427,0,-2
PI548473,1,-2
PI548474,1,-2
PI548479,0,-2
PI548521,0,-2
PI548571,0,-2
PI548572,0,-2
PI548582,0,-2
PI548619,0,-2
PI548633,0,-2
PI548696,1,-2
PI548978,1,-2
PI549017,1,-2
PI549021A,1,-2
PI549028,1,-2
PI549040,0,-2
PI556511,0,-2
PI561318A,0,-2
PI561371,0,-2
PI561387,1,-2
PI561389B,0,-2
PI567173,0,-2
PI567225,0,-2
PI567226,0,-2
PI567231,0,-2
PI567262A,1,-2
PI567307,0,-2
PI567343,0,-2
PI567352A,0,-2
PI567353,0,-2
PI567361,0,-2
PI567383,1,-2
PI567407,1,-2
PI567408,1,-2
PI567410B,1,-2
PI567415A,1,-2
PI567416,1,-2
PI567418A,0,-2
PI567428,1,-2
PI567435B,0,-2
PI567439,1,-2
PI567488A,1,-2
PI567489A,1,-2
PI567525,1,-2
PI567532,1,-2
PI567548,1,-2
PI567576,1,-2
PI567675,1,-2
PI567685,0,-2
PI567698A,1,-2
PI567726,0,-2
PI567746,1,-2
PI567780B,1,-2
PI567782,1,-2
PI574477,0,-2
PI578375B,0,-2
PI578412,0,-2
PI578493,1,-2
PI578499A,1,-2
PI578503,1,-2
PI578504,0,-2
PI587588A,0,-2
PI587588B,1,-2
PI587712B,1,-2
PI587804,1,-2
PI587811A,1,-2
PI592937,1,-2
PI592940,0,-2
PI592952,1,-2
PI592960,0,-2
PI593953,1,-2
PI594170B,0,-2
PI594456A,1,-2
PI594880,1,-2
PI594922,1,-2
PI597464,1,-2
PI597478B,0,-2
PI598358,0,-2
PI602502B,1,-2
PI602993,0,-2
PI603162,0,-2
PI603290,0,-2
PI603345,0,-2
PI603389,1,-2
PI603397,1,-2
PI603399,0,-2
PI603463,0,-2
PI603488,1,-2
PI603492,0,-2
PI603494,0,-2
PI603495B,0,-2
PI603497,1,-2
PI603526,1,-2
PI603549,0,-2
PI603555,0,-2
PI603556,0,-2
PI603559,0,-2
PI603675,1,-2
PI603698J,0,-2
PI603722,1,-2
PI605765B,0,-2
PI606374,1,-2
PI612730,1,-2
PI612754,0,-2
PI628812,1,-2
PI628913,1,-2
PI632418,0,-2
PI632650,1,-2
PI639528B,0,-2
PI639543,0,-2
PI639550E,0,-2
PI639559B,0,-2
PI639570,1,-2
PI567788,1,-2
PI483463,0,-2
PI101404B,0,-2
PI479768,0,-2
PI464866A,0,-2
PI464891B,0,-2
PI479746B,0,-2
PI407294,0,-2
PI464890A,0,-2
PI407290,0,-2
PI479744,0,-2
PI407299,0,-2
PI464926,0,-2
PI468399B,0,-2
PI326581,0,-2
PI81762,0,-2
PI342622B,0,-2
PI153293,0,-2
PI438364,0,-2
PI89061-2,0,-2
PI603755D,0,-2
PI437586A,1,-2
PI89005-4,1,-2
PI603755C,0,-2
PI79797,0,-2
PI578499B,1,-2
PI437961,0,-2
PI88789,1,-2
PI70023,0,-2
PI87531,1,-2
PI89055,0,-2
PI437805,1,-2
PI603418A,1,-2
PI89773,1,-2
PI593967,1,-2
PI438252B,0,-2
PI603387,1,-2
PI603438D,1,-2
PI603562A,1,-2
PI89059,1,-2
PI603560,0,-2
PI438199,0,-2
PI603556,0,-2
PI578417B,0,-2
PI437799,1,-2
PI603304,0,-2
PI437715,1,-2
PI437902B,0,-2
PI538400,1,-2
PI603412A,0,-2
PI438153,0,-2
PI438063,0,-2
PI437625,0,-2
PI438065,0,-2
PI438072,0,-2
PI438115,0,-2
PI420338,1,-2
PI89014,0,-2
PI438052,0,-2
PI437977,0,-2
PI578499C,1,-2
PI437846,0,-2
PI603778,1,-2
PI603308B,0,-2
PI603693A,0,-2
PI603422C,0,-2
PI437862,0,-2
PI603494,0,-2
PI603492,0,-2
PI561302C,0,-2
PI592931,1,-2
PI438045,0,-2
PI603491,0,-2
PI603663,0,-2
PI437947,0,-2
PI592951,1,-2
PI603527A,0,-2
PI603401,1,-2
PI603457A,1,-2
PI438267,0,-2
PI603498A,1,-2
PI603457C,1,-2
PI438252A,0,-2
PI438018,1,-2
PI578415,0,-2
PI603397,1,-2
PI603564C,0,-2
PI612761A,0,-2
PI603587C,0,-2
PI86878-2,0,-2
PI603453,1,-2
PI253666A,1,-2
PI603551C,0,-2
PI437655,0,-2
PI89006-2,0,-2
PI603331,1,-2
PI603730C,0,-2
PI603543B,0,-2
PI80536,0,-2
PI603664,1,-2
PI603495A,0,-2
PI436612,0,-2
PI603429A,0,-2
PI437664,0,-2
PI603348A,1,-2
PI438181A,0,-2
PI593956B,1,-2
PI603735B,1,-2
PI437909A,0,-2
PI437830,0,-2
PI437613,0,-2
PI438257B,0,-2
PI612759A,0,-2
PI81768,0,-2
PI603662B,1,-2
PI438104,0,-2
PI438020,0,-2
PI603436B,1,-2
PI438095,1,-2
PI603561,0,-2
PI438145,0,-2
PI438222,0,-2
PI603326,1,-2
PI68535,0,-2
PI437936,0,-2
PI567710,1,-2
PI567713D,1,-2
PI567692,1,-2
PI567696C,1,-2
PI567716A,1,-2
PI567686,1,-2
PI567732,1,-2
PI594399A,1,-2
PI594411,1,-2
PI567717A,1,-2
PI561237,0,-2
PI561307,0,-2
PI561325,1,-2
PI561313,1,-2
PI561296A,0,-2
PI561321,0,-2
PI561331,0,-2
PI561327C,1,-2
PI561338A,1,-2
PI561242,0,-2
PI561319B,1,-2
PI464910,0,-2
PI232991,0,-2
PI567263,1,-2
PI567325A,1,-2
PI567294,0,-2
PI567349A,0,-2
PI594708A,0,-2
PI594708B,0,-2
PI594647B,0,-2
PI567486B,1,-2
PI567493,1,-2
PI538386A,1,-2
PI538380,1,-2
PI567511,0,-2
PI567484,1,-2
PI567507C,1,-2
PI567510A,0,-2
PI567510B,0,-2
PI91346,1,-2
PI90499-2,0,-2
PI61947,1,-2
PI567645A,1,-2
PI567620A,1,-2
PI567640,1,-2
PI567621A,1,-2
PI567628A,0,-2
PI567650B,1,-2
PI567672,1,-2
PI567679B,1,-2
PI567631,1,-2
PI567621B,1,-2
PI567648C,1,-2
PI567633,1,-2
PI567667C,1,-2
PI602992,1,-2
PI79710,0,-2
PI65379,0,-2
PI597441,1,-2
PI54615,0,-2
PI68761-3,0,-2
PI70027,0,-2
PI567160,0,-2
PI291309A,0,-2
PI68481,1,-2
PI79739,0,-2
PI68585,1,-2
PI70013,0,-2
PI68815,0,-2
PI68642,1,-2
PI68709,0,-2
PI68715,0,-2
PI612709A,0,-2
PI68430,0,-2
PI597442,0,-2
PI68722,0,-2
PI291290,0,-2
PI592975,0,-2
PI291275,0,-2
PI73780,1,-2
PI361077A,0,-2
PI291278,0,-2
PI68680-2,0,-2
PI587716B,1,-2
PI92630,1,-2
PI88353,0,-2
PI92602,1,-2
PI91100-2,1,-2
PI518710,1,-2
PI92607,1,-2
PI92619,1,-2
PI54620,1,-2
PI92583,1,-2
PI91730,0,-2
PI532443,0,-2
PI92640,0,-2
PI92686,0,-2
PI467333,0,-2
PI92677,0,-2
PI92706,1,-2
PI479725A,0,-2
PI458522,0,-2
PI467340,0,-2
PI91104,1,-2
PI464909,0,-2
PI532441A,0,-2
PI479726,0,-2
PI92641B,1,-2
PI92651,1,-2
PI69991,1,-2
PI70091,1,-2
PI70458,0,-2
PI88309,1,-2
PI532436A,1,-2
PI467311C,0,-2
PI464915B,0,-2
PI70456,0,-2
PI479724B,1,-2
PI567753C,1,-2
PI567749A,1,-2
PI532455B,1,-2
PI567771E,1,-2
PI567736,1,-2
PI587620C,1,-2
PI532454,0,-2
PI391586,1,-2
PI602492,1,-2
PI91164,0,-2
PI88502,1,-2
PI464914B,1,-2
PI88306,1,-2
PI88486,0,-2
PI470224,1,-2
PI458511,1,-2
PI54608-1,0,-2
PI88302-1,1,-2
PI88352,1,-2
PI88300,0,-2
PI88351,1,-2
PI91165,1,-2
PI88458,0,-2
PI567372B,0,-2
PI567366A,0,-2
PI567366B,1,-2
PI567388,0,-2
PI567526,1,-2
PI567601,1,-2
PI567522B,1,-2
PI567555,1,-2
PI567557,1,-2
PI567524,1,-2
PI567586A,1,-2
PI567552,1,-2
PI518719,1,-2
PI567437,0,-2
PI567465,1,-2
PI567455,0,-2
PI574476B,1,-2
PI594508,1,-2
PI587983A,0,-2
PI588027C,1,-2
PI594448B,1,-2
PI588033C,1,-2
PI594443,0,-2
PI594501B,0,-2
PI594465,0,-2
PI594462,0,-2
PI504482,1,-2
PI475813B,1,-2
PI556949,0,-2
PI153290,0,-2
PI347561,0,-2
PI438373,0,-2
PI438313,0,-2
PI417527,0,-2
PI438324,0,-2
PI153286,0,-2
PI189897,0,-2
PI189911,0,-2
PI153317,0,-2
PI189930,0,-2
PI189946,0,-2
PI567201D,0,-2
PI404161,1,-2
PI372419,0,-2
PI189917,0,-2
PI290125,0,-2
PI438326,0,-2
PI189882,0,-2
PI507349,0,-2
PI205090,1,-2
PI506874,1,-2
PI317335,0,-2
PI506800A,1,-2
PI229330,1,-2
PI507108,1,-2
PI507064,1,-2
PI417344,1,-2
PI507286C,1,-2
PI416917,1,-2
PI506801B,1,-2
PI417202,1,-2
PI507408,1,-2
PI507531,1,-2
PI507396,1,-2
PI417269,1,-2
PI594208,1,-2
PI507245,1,-2
PI416996,1,-2
PI507093,1,-2
PI507063,1,-2
PI507182,1,-2
PI196160,0,-2
PI507189B,1,-2
PI506862,1,-2
PI507167B,1,-2
PI417298,1,-2
PI417023,1,-2
PI417162,1,-2
PI417140,0,-2
PI416757,1,-2
PI506711A,0,-2
PI507065,1,-2
PI85665,0,-2
PI416937,1,-2
PI80825,1,-2
PI417167,1,-2
PI594319,1,-2
PI196150,1,-2
PI417168,1,-2
PI507095A,1,-2
PI417139,0,-2
PI423870,1,-2
PI506573,1,-2
PI594156,1,-2
PI416756,1,-2
PI507153,1,-2
PI417324A,1,-2
PI86449,1,-2
PI86482-1,1,-2
PI378682B,1,-2
PI86449-2,1,-2
PI64747,1,-2
PI507565,1,-2
PI86111,1,-2
PI423869,1,-2
PI86022,1,-2
PI593970,1,-2
PI81031-2,1,-2
PI80841,1,-2
PI80488-1,0,-2
PI84979,1,-2
PI85014,1,-2
PI86153,1,-2
PI226589,1,-2
PI132217,1,-2
PI153233,0,-2
PI154196,1,-2
PI603157,0,-2
PI603914,0,-2
PI438304A,0,-2
PI438296,1,-2
PI424302,1,-2
PI398621,1,-2
PI424222A,0,-2
PI486355,1,-2
PI96786,0,-2
PI91729,1,-2
PI90208,1,-2
PI361066A,0,-2
PI361117,0,-2
PI361067,0,-2
PI476345,0,-2
PI404151,0,-2
PI437098,1,-2
PI437109C,0,-2
PI507697,0,-2
PI437110A,0,-2
PI347552B,0,-2
PI437145B,0,-2
PI437392,0,-2
PI437336A,0,-2
PI437478,0,-2
PI437336B,0,-2
PI437381B,0,-2
PI437425,0,-2
PI437434A,0,-2
PI437512,0,-2
PI437359,0,-2
PI437373,0,-2
PI437324,0,-2
PI458018,1,-2
PI82544,1,-2
PI458021,1,-2
PI85021,0,-2
PI399073,1,-2
PI423826B,1,-2
PI423808B,1,-2
PI340034,1,-2
PI458236A,1,-2
PI458227,1,-2
PI458230B,1,-2
PI408017,1,-2
PI458189A,1,-2
PI508296H,1,-2
PI424406B,1,-2
PI407877C,1,-2
PI407906,1,-2
PI458177,1,-2
PI424247A,1,-2
PI458067A,1,-2
PI398890,1,-2
PI458061A,1,-2
PI458060B,1,-2
PI458040,1,-2
PI509076,0,-2
PI458105,1,-2
PI423789,0,-2
PI458087,1,-2
PI83945-4,0,-2
PI458030,1,-2
PI442012A,1,-2
PI398322,1,-2
PI398299,1,-2
PI64698,1,-2
PI84594,1,-2
PI398261,1,-2
PI407818A,1,-2
PI424529,1,-2
PI458299,1,-2
PI408211A,0,-2
PI594022,0,-2
PI408222C,1,-2
PI408196B,0,-2
PI408197A,1,-2
PI424547,1,-2
PI408230,1,-2
PI398183,1,-2
PI470929,1,-2
PI437525,1,-2
PI438496A,0,-2
PI438504A,0,-2
PI438487,0,-2
PI438499,0,-2
PI438503C,0,-2
FC31409,0,-2
PI86301,1,-2
PI606421,1,-2
PI605831A,0,-2
PI605845A,1,-2
PI605817B,0,-2
PI548642,0,-2
PI567787,1,-2
PI548398,0,-2
PI612754,0,-2
PI597440B,0,-2
PI597440C,0,-2
PI548340,0,-2
PI548430,0,-2
PI548384,0,-2
PI548337,0,-2
PI548416,1,-2
PI548407,1,-2
PI548325,0,-2
PI548619,0,-2
PI552538,0,-2
